Epoch: 0, Iteration: 0, Loss: 0.3843739628791809
Epoch: 1, Iteration: 0, Loss: 0.3834558129310608
Epoch: 2, Iteration: 0, Loss: 0.3825320601463318
Epoch: 3, Iteration: 0, Loss: 0.38159769773483276
Epoch: 4, Iteration: 0, Loss: 0.3806588053703308
Epoch: 5, Iteration: 0, Loss: 0.37970101833343506
Epoch: 6, Iteration: 0, Loss: 0.3787177801132202
Epoch: 7, Iteration: 0, Loss: 0.37770387530326843
Epoch: 8, Iteration: 0, Loss: 0.3766549527645111
Epoch: 9, Iteration: 0, Loss: 0.3755630552768707
Epoch: 10, Iteration: 0, Loss: 0.3744245171546936
Epoch: 11, Iteration: 0, Loss: 0.3732239902019501
Epoch: 12, Iteration: 0, Loss: 0.37195679545402527
Epoch: 13, Iteration: 0, Loss: 0.3706015348434448
Epoch: 14, Iteration: 0, Loss: 0.3691515028476715
Epoch: 15, Iteration: 0, Loss: 0.3675822615623474
Epoch: 16, Iteration: 0, Loss: 0.36588791012763977
Epoch: 17, Iteration: 0, Loss: 0.3644132614135742
Epoch: 18, Iteration: 0, Loss: 0.3646768033504486
Epoch: 19, Iteration: 0, Loss: 0.3645457625389099
Epoch: 20, Iteration: 0, Loss: 0.36414453387260437
Epoch: 21, Iteration: 0, Loss: 0.36357274651527405
Epoch: 22, Iteration: 0, Loss: 0.3628281056880951
Epoch: 23, Iteration: 0, Loss: 0.3620639741420746
Epoch: 24, Iteration: 0, Loss: 0.3612089157104492
Epoch: 25, Iteration: 0, Loss: 0.3603047728538513
Epoch: 26, Iteration: 0, Loss: 0.3606506884098053
Epoch: 27, Iteration: 0, Loss: 0.3608965277671814
Epoch: 28, Iteration: 0, Loss: 0.3609485924243927
Epoch: 29, Iteration: 0, Loss: 0.36084482073783875
Epoch: 30, Iteration: 0, Loss: 0.36060717701911926
Epoch: 31, Iteration: 0, Loss: 0.36022719740867615
Epoch: 32, Iteration: 0, Loss: 0.3597474694252014
Epoch: 33, Iteration: 0, Loss: 0.36007028818130493
Epoch: 34, Iteration: 0, Loss: 0.3604566156864166
Epoch: 35, Iteration: 0, Loss: 0.3605116009712219
Epoch: 36, Iteration: 0, Loss: 0.3602358102798462
Epoch: 37, Iteration: 0, Loss: 0.35970908403396606
Epoch: 38, Iteration: 0, Loss: 0.3598130941390991
Epoch: 39, Iteration: 0, Loss: 0.3600807189941406
Epoch: 40, Iteration: 0, Loss: 0.3601754605770111
Epoch: 41, Iteration: 0, Loss: 0.3601113259792328
Epoch: 42, Iteration: 0, Loss: 0.359904021024704
Epoch: 43, Iteration: 0, Loss: 0.3595711290836334
Epoch: 44, Iteration: 0, Loss: 0.35932689905166626
Epoch: 45, Iteration: 0, Loss: 0.3593899607658386
Epoch: 46, Iteration: 0, Loss: 0.35946494340896606
Epoch: 47, Iteration: 0, Loss: 0.35932961106300354
Epoch: 48, Iteration: 0, Loss: 0.35910382866859436
Epoch: 49, Iteration: 0, Loss: 0.359052836894989
Epoch: 50, Iteration: 0, Loss: 0.35902270674705505
Epoch: 51, Iteration: 0, Loss: 0.3590364158153534
Epoch: 52, Iteration: 0, Loss: 0.3589886426925659
Epoch: 53, Iteration: 0, Loss: 0.3588731586933136
Epoch: 54, Iteration: 0, Loss: 0.35880476236343384
Epoch: 55, Iteration: 0, Loss: 0.3587404787540436
Epoch: 56, Iteration: 0, Loss: 0.3586692214012146
Epoch: 57, Iteration: 0, Loss: 0.35859689116477966
Epoch: 58, Iteration: 0, Loss: 0.35851842164993286
Epoch: 59, Iteration: 0, Loss: 0.35843491554260254
Epoch: 60, Iteration: 0, Loss: 0.3583362102508545
Epoch: 61, Iteration: 0, Loss: 0.35822126269340515
Epoch: 62, Iteration: 0, Loss: 0.3581031262874603
Epoch: 63, Iteration: 0, Loss: 0.3579830825328827
Epoch: 64, Iteration: 0, Loss: 0.35786134004592896
Epoch: 65, Iteration: 0, Loss: 0.35772940516471863
Epoch: 66, Iteration: 0, Loss: 0.3576127290725708
Epoch: 67, Iteration: 0, Loss: 0.3574299216270447
Epoch: 68, Iteration: 0, Loss: 0.3572968542575836
Epoch: 69, Iteration: 0, Loss: 0.35716238617897034
Epoch: 70, Iteration: 0, Loss: 0.3570014238357544
Epoch: 71, Iteration: 0, Loss: 0.3568111062049866
Epoch: 72, Iteration: 0, Loss: 0.3566295802593231
Epoch: 73, Iteration: 0, Loss: 0.3564254641532898
Epoch: 74, Iteration: 0, Loss: 0.35622498393058777
Epoch: 75, Iteration: 0, Loss: 0.35598763823509216
Epoch: 76, Iteration: 0, Loss: 0.3557998239994049
Epoch: 77, Iteration: 0, Loss: 0.35550060868263245
Epoch: 78, Iteration: 0, Loss: 0.35529422760009766
Epoch: 79, Iteration: 0, Loss: 0.3550128936767578
Epoch: 80, Iteration: 0, Loss: 0.35464027523994446
Epoch: 81, Iteration: 0, Loss: 0.3542110025882721
Epoch: 82, Iteration: 0, Loss: 0.35386526584625244
Epoch: 83, Iteration: 0, Loss: 0.35335657000541687
Epoch: 84, Iteration: 0, Loss: 0.352962851524353
Epoch: 85, Iteration: 0, Loss: 0.3525069057941437
Epoch: 86, Iteration: 0, Loss: 0.3518591523170471
Epoch: 87, Iteration: 0, Loss: 0.3511291742324829
Epoch: 88, Iteration: 0, Loss: 0.35056403279304504
Epoch: 89, Iteration: 0, Loss: 0.3497470021247864
Epoch: 90, Iteration: 0, Loss: 0.3489118218421936
Epoch: 91, Iteration: 0, Loss: 0.3481311798095703
Epoch: 92, Iteration: 0, Loss: 0.3471836447715759
Epoch: 93, Iteration: 0, Loss: 0.34609442949295044
Epoch: 94, Iteration: 0, Loss: 0.34491509199142456
Epoch: 95, Iteration: 0, Loss: 0.3435603082180023
Epoch: 96, Iteration: 0, Loss: 0.34196269512176514
Epoch: 97, Iteration: 0, Loss: 0.34030741453170776
Epoch: 98, Iteration: 0, Loss: 0.33837345242500305
Epoch: 99, Iteration: 0, Loss: 0.33655133843421936
Epoch: 100, Iteration: 0, Loss: 0.3343604803085327
Epoch: 101, Iteration: 0, Loss: 0.33194559812545776
Epoch: 102, Iteration: 0, Loss: 0.3292504549026489
Epoch: 103, Iteration: 0, Loss: 0.32693660259246826
Epoch: 104, Iteration: 0, Loss: 0.3250484764575958
Epoch: 105, Iteration: 0, Loss: 0.3236443102359772
Epoch: 106, Iteration: 0, Loss: 0.32278579473495483
Epoch: 107, Iteration: 0, Loss: 0.3215428590774536
Epoch: 108, Iteration: 0, Loss: 0.3207138776779175
Epoch: 109, Iteration: 0, Loss: 0.31958600878715515
Epoch: 110, Iteration: 0, Loss: 0.3190355598926544
Epoch: 111, Iteration: 0, Loss: 0.318181574344635
Epoch: 112, Iteration: 0, Loss: 0.3171093165874481
Epoch: 113, Iteration: 0, Loss: 0.31651565432548523
Epoch: 114, Iteration: 0, Loss: 0.31533682346343994
Epoch: 115, Iteration: 0, Loss: 0.3143942952156067
Epoch: 116, Iteration: 0, Loss: 0.31359127163887024
Epoch: 117, Iteration: 0, Loss: 0.3125894367694855
Epoch: 118, Iteration: 0, Loss: 0.31188148260116577
Epoch: 119, Iteration: 0, Loss: 0.3110460340976715
Epoch: 120, Iteration: 0, Loss: 0.3103245794773102
Epoch: 121, Iteration: 0, Loss: 0.30931493639945984
Epoch: 122, Iteration: 0, Loss: 0.3082318603992462
Epoch: 123, Iteration: 0, Loss: 0.30734965205192566
Epoch: 124, Iteration: 0, Loss: 0.30633383989334106
Epoch: 125, Iteration: 0, Loss: 0.305569052696228
Epoch: 126, Iteration: 0, Loss: 0.30506759881973267
Epoch: 127, Iteration: 0, Loss: 0.30370011925697327
Epoch: 128, Iteration: 0, Loss: 0.30312931537628174
Epoch: 129, Iteration: 0, Loss: 0.3022136688232422
Epoch: 130, Iteration: 0, Loss: 0.3012022376060486
Epoch: 131, Iteration: 0, Loss: 0.30022159218788147
Epoch: 132, Iteration: 0, Loss: 0.2997860610485077
Epoch: 133, Iteration: 0, Loss: 0.2979002594947815
Epoch: 134, Iteration: 0, Loss: 0.2973661422729492
Epoch: 135, Iteration: 0, Loss: 0.2960341274738312
Epoch: 136, Iteration: 0, Loss: 0.29544320702552795
Epoch: 137, Iteration: 0, Loss: 0.2942555248737335
Epoch: 138, Iteration: 0, Loss: 0.29470399022102356
Epoch: 139, Iteration: 0, Loss: 0.29355716705322266
Epoch: 140, Iteration: 0, Loss: 0.2932174503803253
Epoch: 141, Iteration: 0, Loss: 0.2909364700317383
Epoch: 142, Iteration: 0, Loss: 0.2890671193599701
Epoch: 143, Iteration: 0, Loss: 0.28817859292030334
Epoch: 144, Iteration: 0, Loss: 0.28662922978401184
Epoch: 145, Iteration: 0, Loss: 0.28584396839141846
Epoch: 146, Iteration: 0, Loss: 0.2841504216194153
Epoch: 147, Iteration: 0, Loss: 0.28287190198898315
Epoch: 148, Iteration: 0, Loss: 0.2813066840171814
Epoch: 149, Iteration: 0, Loss: 0.2800719738006592
Epoch: 150, Iteration: 0, Loss: 0.27944451570510864
Epoch: 151, Iteration: 0, Loss: 0.27729251980781555
Epoch: 152, Iteration: 0, Loss: 0.2762942314147949
Epoch: 153, Iteration: 0, Loss: 0.2744261622428894
Epoch: 154, Iteration: 0, Loss: 0.27366575598716736
Epoch: 155, Iteration: 0, Loss: 0.27152019739151
Epoch: 156, Iteration: 0, Loss: 0.2724184989929199
Epoch: 157, Iteration: 0, Loss: 0.27198144793510437
Epoch: 158, Iteration: 0, Loss: 0.26972144842147827
Epoch: 159, Iteration: 0, Loss: 0.26812106370925903
Epoch: 160, Iteration: 0, Loss: 0.26724427938461304
Epoch: 161, Iteration: 0, Loss: 0.2636036276817322
Epoch: 162, Iteration: 0, Loss: 0.26223117113113403
Epoch: 163, Iteration: 0, Loss: 0.26207712292671204
Epoch: 164, Iteration: 0, Loss: 0.25903069972991943
Epoch: 165, Iteration: 0, Loss: 0.2583422362804413
Epoch: 166, Iteration: 0, Loss: 0.2558349072933197
Epoch: 167, Iteration: 0, Loss: 0.25328660011291504
Epoch: 168, Iteration: 0, Loss: 0.25133016705513
Epoch: 169, Iteration: 0, Loss: 0.24890823662281036
Epoch: 170, Iteration: 0, Loss: 0.24757325649261475
Epoch: 171, Iteration: 0, Loss: 0.2449323982000351
Epoch: 172, Iteration: 0, Loss: 0.2444816380739212
Epoch: 173, Iteration: 0, Loss: 0.24034132063388824
Epoch: 174, Iteration: 0, Loss: 0.23861439526081085
Epoch: 175, Iteration: 0, Loss: 0.23846036195755005
Epoch: 176, Iteration: 0, Loss: 0.23413008451461792
Epoch: 177, Iteration: 0, Loss: 0.23391620814800262
Epoch: 178, Iteration: 0, Loss: 0.23143376410007477
Epoch: 179, Iteration: 0, Loss: 0.22503961622714996
Epoch: 180, Iteration: 0, Loss: 0.23067675530910492
Epoch: 181, Iteration: 0, Loss: 0.22212648391723633
Epoch: 182, Iteration: 0, Loss: 0.22409072518348694
Epoch: 183, Iteration: 0, Loss: 0.22634272277355194
Epoch: 184, Iteration: 0, Loss: 0.2222364842891693
Epoch: 185, Iteration: 0, Loss: 0.21907354891300201
Epoch: 186, Iteration: 0, Loss: 0.2200375199317932
Epoch: 187, Iteration: 0, Loss: 0.22282341122627258
Epoch: 188, Iteration: 0, Loss: 0.21334387362003326
Epoch: 189, Iteration: 0, Loss: 0.21500438451766968
Epoch: 190, Iteration: 0, Loss: 0.20959120988845825
Epoch: 191, Iteration: 0, Loss: 0.2144172340631485
Epoch: 192, Iteration: 0, Loss: 0.21019065380096436
Epoch: 193, Iteration: 0, Loss: 0.20470860600471497
Epoch: 194, Iteration: 0, Loss: 0.20643645524978638
Epoch: 195, Iteration: 0, Loss: 0.20442475378513336
Epoch: 196, Iteration: 0, Loss: 0.19701489806175232
Epoch: 197, Iteration: 0, Loss: 0.20401309430599213
Epoch: 198, Iteration: 0, Loss: 0.2159702479839325
Epoch: 199, Iteration: 0, Loss: 0.21139855682849884
Epoch: 200, Iteration: 0, Loss: 0.20443952083587646
Epoch: 201, Iteration: 0, Loss: 0.2046785056591034
Epoch: 202, Iteration: 0, Loss: 0.19871821999549866
Epoch: 203, Iteration: 0, Loss: 0.1979691982269287
Epoch: 204, Iteration: 0, Loss: 0.19457857310771942
Epoch: 205, Iteration: 0, Loss: 0.18986164033412933
Epoch: 206, Iteration: 0, Loss: 0.19669415056705475
Epoch: 207, Iteration: 0, Loss: 0.19433201849460602
Epoch: 208, Iteration: 0, Loss: 0.2073983997106552
Epoch: 209, Iteration: 0, Loss: 0.1952654868364334
Epoch: 210, Iteration: 0, Loss: 0.20637506246566772
Epoch: 211, Iteration: 0, Loss: 0.20379747450351715
Epoch: 212, Iteration: 0, Loss: 0.20364239811897278
Epoch: 213, Iteration: 0, Loss: 0.20051807165145874
Epoch: 214, Iteration: 0, Loss: 0.19383271038532257
Epoch: 215, Iteration: 0, Loss: 0.19137442111968994
Epoch: 216, Iteration: 0, Loss: 0.19075939059257507
Epoch: 217, Iteration: 0, Loss: 0.18788260221481323
Epoch: 218, Iteration: 0, Loss: 0.18936999142169952
Epoch: 219, Iteration: 0, Loss: 0.18396513164043427
Epoch: 220, Iteration: 0, Loss: 0.175582617521286
Epoch: 221, Iteration: 0, Loss: 0.17731888592243195
Epoch: 222, Iteration: 0, Loss: 0.18128716945648193
Epoch: 223, Iteration: 0, Loss: 0.1791732758283615
Epoch: 224, Iteration: 0, Loss: 0.1774214804172516
Epoch: 225, Iteration: 0, Loss: 0.1739410012960434
Epoch: 226, Iteration: 0, Loss: 0.16622626781463623
Epoch: 227, Iteration: 0, Loss: 0.16876539587974548
Epoch: 228, Iteration: 0, Loss: 0.1644487977027893
Epoch: 229, Iteration: 0, Loss: 0.16340278089046478
Epoch: 230, Iteration: 0, Loss: 0.1594473272562027
Epoch: 231, Iteration: 0, Loss: 0.16061480343341827
Epoch: 232, Iteration: 0, Loss: 0.15968285501003265
Epoch: 233, Iteration: 0, Loss: 0.15548068284988403
Epoch: 234, Iteration: 0, Loss: 0.1562182456254959
Epoch: 235, Iteration: 0, Loss: 0.1524769812822342
Epoch: 236, Iteration: 0, Loss: 0.15231207013130188
Epoch: 237, Iteration: 0, Loss: 0.14958731830120087
Epoch: 238, Iteration: 0, Loss: 0.14961539208889008
Epoch: 239, Iteration: 0, Loss: 0.1474124789237976
Epoch: 240, Iteration: 0, Loss: 0.14855335652828217
Epoch: 241, Iteration: 0, Loss: 0.14333957433700562
Epoch: 242, Iteration: 0, Loss: 0.14231178164482117
Epoch: 243, Iteration: 0, Loss: 0.14083190262317657
Epoch: 244, Iteration: 0, Loss: 0.13946178555488586
Epoch: 245, Iteration: 0, Loss: 0.13965831696987152
Epoch: 246, Iteration: 0, Loss: 0.13694006204605103
Epoch: 247, Iteration: 0, Loss: 0.13515663146972656
Epoch: 248, Iteration: 0, Loss: 0.1373845785856247
Epoch: 249, Iteration: 0, Loss: 0.13512082397937775
Epoch: 250, Iteration: 0, Loss: 0.1341763436794281
Epoch: 251, Iteration: 0, Loss: 0.13238440454006195
Epoch: 252, Iteration: 0, Loss: 0.13367296755313873
Epoch: 253, Iteration: 0, Loss: 0.1325778067111969
Epoch: 254, Iteration: 0, Loss: 0.13140010833740234
Epoch: 255, Iteration: 0, Loss: 0.13245703279972076
Epoch: 256, Iteration: 0, Loss: 0.126290425658226
Epoch: 257, Iteration: 0, Loss: 0.13097108900547028
Epoch: 258, Iteration: 0, Loss: 0.13354985415935516
Epoch: 259, Iteration: 0, Loss: 0.13083982467651367
Epoch: 260, Iteration: 0, Loss: 0.1256866157054901
Epoch: 261, Iteration: 0, Loss: 0.13004618883132935
Epoch: 262, Iteration: 0, Loss: 0.125680610537529
Epoch: 263, Iteration: 0, Loss: 0.1232714131474495
Epoch: 264, Iteration: 0, Loss: 0.12578114867210388
Epoch: 265, Iteration: 0, Loss: 0.12229489535093307
Epoch: 266, Iteration: 0, Loss: 0.12187996506690979
Epoch: 267, Iteration: 0, Loss: 0.11937350034713745
Epoch: 268, Iteration: 0, Loss: 0.12067367881536484
Epoch: 269, Iteration: 0, Loss: 0.11997184157371521
Epoch: 270, Iteration: 0, Loss: 0.12234601378440857
Epoch: 271, Iteration: 0, Loss: 0.12912936508655548
Epoch: 272, Iteration: 0, Loss: 0.12193404883146286
Epoch: 273, Iteration: 0, Loss: 0.1294272243976593
Epoch: 274, Iteration: 0, Loss: 0.13331535458564758
Epoch: 275, Iteration: 0, Loss: 0.12613379955291748
Epoch: 276, Iteration: 0, Loss: 0.1209133118391037
Epoch: 277, Iteration: 0, Loss: 0.12036432325839996
Epoch: 278, Iteration: 0, Loss: 0.11649417132139206
Epoch: 279, Iteration: 0, Loss: 0.1343897581100464
Epoch: 280, Iteration: 0, Loss: 0.11709873378276825
Epoch: 281, Iteration: 0, Loss: 0.12419223040342331
Epoch: 282, Iteration: 0, Loss: 0.12807251513004303
Epoch: 283, Iteration: 0, Loss: 0.1309070587158203
Epoch: 284, Iteration: 0, Loss: 0.1234205961227417
Epoch: 285, Iteration: 0, Loss: 0.11513353884220123
Epoch: 286, Iteration: 0, Loss: 0.1132504865527153
Epoch: 287, Iteration: 0, Loss: 0.11127236485481262
Epoch: 288, Iteration: 0, Loss: 0.12903696298599243
Epoch: 289, Iteration: 0, Loss: 0.11104509979486465
Epoch: 290, Iteration: 0, Loss: 0.1173967570066452
Epoch: 291, Iteration: 0, Loss: 0.11780531704425812
Epoch: 292, Iteration: 0, Loss: 0.12293165177106857
Epoch: 293, Iteration: 0, Loss: 0.12309543788433075
Epoch: 294, Iteration: 0, Loss: 0.11647569388151169
Epoch: 295, Iteration: 0, Loss: 0.11115232110023499
Epoch: 296, Iteration: 0, Loss: 0.11116401851177216
Epoch: 297, Iteration: 0, Loss: 0.10976686328649521
Epoch: 298, Iteration: 0, Loss: 0.10791461914777756
Epoch: 299, Iteration: 0, Loss: 0.11172964423894882
Epoch: 300, Iteration: 0, Loss: 0.10750328004360199
Epoch: 301, Iteration: 0, Loss: 0.10693193972110748
Epoch: 302, Iteration: 0, Loss: 0.10635637491941452
Epoch: 303, Iteration: 0, Loss: 0.10564430058002472
Epoch: 304, Iteration: 0, Loss: 0.1059107705950737
Epoch: 305, Iteration: 0, Loss: 0.10150571912527084
Epoch: 306, Iteration: 0, Loss: 0.1033405140042305
Epoch: 307, Iteration: 0, Loss: 0.10384803265333176
Epoch: 308, Iteration: 0, Loss: 0.10198856890201569
Epoch: 309, Iteration: 0, Loss: 0.10297359526157379
Epoch: 310, Iteration: 0, Loss: 0.10190372914075851
Epoch: 311, Iteration: 0, Loss: 0.10134626924991608
Epoch: 312, Iteration: 0, Loss: 0.10068699717521667
Epoch: 313, Iteration: 0, Loss: 0.09998258203268051
Epoch: 314, Iteration: 0, Loss: 0.09977217018604279
Epoch: 315, Iteration: 0, Loss: 0.09882057458162308
Epoch: 316, Iteration: 0, Loss: 0.09756924957036972
Epoch: 317, Iteration: 0, Loss: 0.09941505640745163
Epoch: 318, Iteration: 0, Loss: 0.09915617853403091
Epoch: 319, Iteration: 0, Loss: 0.09823740273714066
Epoch: 320, Iteration: 0, Loss: 0.09883975982666016
Epoch: 321, Iteration: 0, Loss: 0.09766215085983276
Epoch: 322, Iteration: 0, Loss: 0.09690038114786148
Epoch: 323, Iteration: 0, Loss: 0.09741263836622238
Epoch: 324, Iteration: 0, Loss: 0.09711045026779175
Epoch: 325, Iteration: 0, Loss: 0.09716475754976273
Epoch: 326, Iteration: 0, Loss: 0.09536737948656082
Epoch: 327, Iteration: 0, Loss: 0.09615112841129303
Epoch: 328, Iteration: 0, Loss: 0.09577980637550354
Epoch: 329, Iteration: 0, Loss: 0.09573398530483246
Epoch: 330, Iteration: 0, Loss: 0.09554266184568405
Epoch: 331, Iteration: 0, Loss: 0.09497112780809402
Epoch: 332, Iteration: 0, Loss: 0.09470463544130325
Epoch: 333, Iteration: 0, Loss: 0.09463533014059067
Epoch: 334, Iteration: 0, Loss: 0.0936250165104866
Epoch: 335, Iteration: 0, Loss: 0.09596972167491913
Epoch: 336, Iteration: 0, Loss: 0.09350400418043137
Epoch: 337, Iteration: 0, Loss: 0.09536930173635483
Epoch: 338, Iteration: 0, Loss: 0.09419142454862595
Epoch: 339, Iteration: 0, Loss: 0.09491629153490067
Epoch: 340, Iteration: 0, Loss: 0.09508068859577179
Epoch: 341, Iteration: 0, Loss: 0.0934193879365921
Epoch: 342, Iteration: 0, Loss: 0.09455706179141998
Epoch: 343, Iteration: 0, Loss: 0.09317527711391449
Epoch: 344, Iteration: 0, Loss: 0.09249790757894516
Epoch: 345, Iteration: 0, Loss: 0.09312469512224197
Epoch: 346, Iteration: 0, Loss: 0.09271589666604996
Epoch: 347, Iteration: 0, Loss: 0.09198518842458725
Epoch: 348, Iteration: 0, Loss: 0.09085431694984436
Epoch: 349, Iteration: 0, Loss: 0.09186068177223206
Epoch: 350, Iteration: 0, Loss: 0.09227680414915085
Epoch: 351, Iteration: 0, Loss: 0.0911976769566536
Epoch: 352, Iteration: 0, Loss: 0.09072360396385193
Epoch: 353, Iteration: 0, Loss: 0.09074831008911133
Epoch: 354, Iteration: 0, Loss: 0.09029999375343323
Epoch: 355, Iteration: 0, Loss: 0.09059320390224457
Epoch: 356, Iteration: 0, Loss: 0.09104474633932114
Epoch: 357, Iteration: 0, Loss: 0.09143803268671036
Epoch: 358, Iteration: 0, Loss: 0.09049952775239944
Epoch: 359, Iteration: 0, Loss: 0.09026908129453659
Epoch: 360, Iteration: 0, Loss: 0.08929822593927383
Epoch: 361, Iteration: 0, Loss: 0.08906422555446625
Epoch: 362, Iteration: 0, Loss: 0.0899040475487709
Epoch: 363, Iteration: 0, Loss: 0.08861225098371506
Epoch: 364, Iteration: 0, Loss: 0.08943327516317368
Epoch: 365, Iteration: 0, Loss: 0.08908379822969437
Epoch: 366, Iteration: 0, Loss: 0.0885745957493782
Epoch: 367, Iteration: 0, Loss: 0.08902586996555328
Epoch: 368, Iteration: 0, Loss: 0.0902927964925766
Epoch: 369, Iteration: 0, Loss: 0.08951699733734131
Epoch: 370, Iteration: 0, Loss: 0.08897246420383453
Epoch: 371, Iteration: 0, Loss: 0.08953903615474701
Epoch: 372, Iteration: 0, Loss: 0.08868227899074554
Epoch: 373, Iteration: 0, Loss: 0.08937600255012512
Epoch: 374, Iteration: 0, Loss: 0.08735999464988708
Epoch: 375, Iteration: 0, Loss: 0.08988960832357407
Epoch: 376, Iteration: 0, Loss: 0.08787576854228973
Epoch: 377, Iteration: 0, Loss: 0.08846040815114975
Epoch: 378, Iteration: 0, Loss: 0.0865410640835762
Epoch: 379, Iteration: 0, Loss: 0.08811580389738083
Epoch: 380, Iteration: 0, Loss: 0.0866825059056282
Epoch: 381, Iteration: 0, Loss: 0.08688391745090485
Epoch: 382, Iteration: 0, Loss: 0.08552124351263046
Epoch: 383, Iteration: 0, Loss: 0.08813001960515976
Epoch: 384, Iteration: 0, Loss: 0.08580141514539719
Epoch: 385, Iteration: 0, Loss: 0.08626386523246765
Epoch: 386, Iteration: 0, Loss: 0.08586135506629944
Epoch: 387, Iteration: 0, Loss: 0.0870068296790123
Epoch: 388, Iteration: 0, Loss: 0.08641672134399414
Epoch: 389, Iteration: 0, Loss: 0.08617772907018661
Epoch: 390, Iteration: 0, Loss: 0.08478762954473495
Epoch: 391, Iteration: 0, Loss: 0.08762088418006897
Epoch: 392, Iteration: 0, Loss: 0.08573845773935318
Epoch: 393, Iteration: 0, Loss: 0.08646199852228165
Epoch: 394, Iteration: 0, Loss: 0.08498384058475494
Epoch: 395, Iteration: 0, Loss: 0.08527641743421555
Epoch: 396, Iteration: 0, Loss: 0.0844932496547699
Epoch: 397, Iteration: 0, Loss: 0.08574339747428894
Epoch: 398, Iteration: 0, Loss: 0.08403602242469788
Epoch: 399, Iteration: 0, Loss: 0.08446307480335236
Epoch: 400, Iteration: 0, Loss: 0.08428207039833069
Epoch: 401, Iteration: 0, Loss: 0.08363094180822372
Epoch: 402, Iteration: 0, Loss: 0.08373488485813141
Epoch: 403, Iteration: 0, Loss: 0.08286537230014801
Epoch: 404, Iteration: 0, Loss: 0.08300499618053436
Epoch: 405, Iteration: 0, Loss: 0.0841980054974556
Epoch: 406, Iteration: 0, Loss: 0.08286409825086594
Epoch: 407, Iteration: 0, Loss: 0.08235625177621841
Epoch: 408, Iteration: 0, Loss: 0.0831536203622818
Epoch: 409, Iteration: 0, Loss: 0.08247335255146027
Epoch: 410, Iteration: 0, Loss: 0.0855230763554573
Epoch: 411, Iteration: 0, Loss: 0.0817217081785202
Epoch: 412, Iteration: 0, Loss: 0.08230502158403397
Epoch: 413, Iteration: 0, Loss: 0.08232423663139343
Epoch: 414, Iteration: 0, Loss: 0.08167611062526703
Epoch: 415, Iteration: 0, Loss: 0.0813523381948471
Epoch: 416, Iteration: 0, Loss: 0.08069048076868057
Epoch: 417, Iteration: 0, Loss: 0.08146633207798004
Epoch: 418, Iteration: 0, Loss: 0.0805661603808403
Epoch: 419, Iteration: 0, Loss: 0.08114849030971527
Epoch: 420, Iteration: 0, Loss: 0.08118083328008652
Epoch: 421, Iteration: 0, Loss: 0.08116941154003143
Epoch: 422, Iteration: 0, Loss: 0.08217883855104446
Epoch: 423, Iteration: 0, Loss: 0.08175148069858551
Epoch: 424, Iteration: 0, Loss: 0.08098991960287094
Epoch: 425, Iteration: 0, Loss: 0.08033666014671326
Epoch: 426, Iteration: 0, Loss: 0.08011583983898163
Epoch: 427, Iteration: 0, Loss: 0.08005163818597794
Epoch: 428, Iteration: 0, Loss: 0.07986455410718918
Epoch: 429, Iteration: 0, Loss: 0.08065300434827805
Epoch: 430, Iteration: 0, Loss: 0.07985274493694305
Epoch: 431, Iteration: 0, Loss: 0.07912945002317429
Epoch: 432, Iteration: 0, Loss: 0.07970434427261353
Epoch: 433, Iteration: 0, Loss: 0.07903473824262619
Epoch: 434, Iteration: 0, Loss: 0.07971415668725967
Epoch: 435, Iteration: 0, Loss: 0.0790986716747284
Epoch: 436, Iteration: 0, Loss: 0.08078693598508835
Epoch: 437, Iteration: 0, Loss: 0.07936212420463562
Epoch: 438, Iteration: 0, Loss: 0.07929595559835434
Epoch: 439, Iteration: 0, Loss: 0.07863634079694748
Epoch: 440, Iteration: 0, Loss: 0.07837953418493271
Epoch: 441, Iteration: 0, Loss: 0.07860321551561356
Epoch: 442, Iteration: 0, Loss: 0.07891342788934708
Epoch: 443, Iteration: 0, Loss: 0.07767146825790405
Epoch: 444, Iteration: 0, Loss: 0.078948974609375
Epoch: 445, Iteration: 0, Loss: 0.07907547056674957
Epoch: 446, Iteration: 0, Loss: 0.07800191640853882
Epoch: 447, Iteration: 0, Loss: 0.08047016710042953
Epoch: 448, Iteration: 0, Loss: 0.07845579087734222
Epoch: 449, Iteration: 0, Loss: 0.08030346781015396
Epoch: 450, Iteration: 0, Loss: 0.08009171485900879
Epoch: 451, Iteration: 0, Loss: 0.0779591053724289
Epoch: 452, Iteration: 0, Loss: 0.07892173528671265
Epoch: 453, Iteration: 0, Loss: 0.07795199006795883
Epoch: 454, Iteration: 0, Loss: 0.07886337488889694
Epoch: 455, Iteration: 0, Loss: 0.0771922618150711
Epoch: 456, Iteration: 0, Loss: 0.07885587215423584
Epoch: 457, Iteration: 0, Loss: 0.07689797878265381
Epoch: 458, Iteration: 0, Loss: 0.07981329411268234
Epoch: 459, Iteration: 0, Loss: 0.0788518488407135
Epoch: 460, Iteration: 0, Loss: 0.07774011045694351
Epoch: 461, Iteration: 0, Loss: 0.0783776268362999
Epoch: 462, Iteration: 0, Loss: 0.07710271328687668
Epoch: 463, Iteration: 0, Loss: 0.07770849764347076
Epoch: 464, Iteration: 0, Loss: 0.07560659945011139
Epoch: 465, Iteration: 0, Loss: 0.07700026035308838
Epoch: 466, Iteration: 0, Loss: 0.0751468762755394
Epoch: 467, Iteration: 0, Loss: 0.07699345052242279
Epoch: 468, Iteration: 0, Loss: 0.07526817172765732
Epoch: 469, Iteration: 0, Loss: 0.07711520791053772
Epoch: 470, Iteration: 0, Loss: 0.07580135762691498
Epoch: 471, Iteration: 0, Loss: 0.07609333097934723
Epoch: 472, Iteration: 0, Loss: 0.07718336582183838
Epoch: 473, Iteration: 0, Loss: 0.07557903230190277
Epoch: 474, Iteration: 0, Loss: 0.07626743614673615
Epoch: 475, Iteration: 0, Loss: 0.07458960264921188
Epoch: 476, Iteration: 0, Loss: 0.07545067369937897
Epoch: 477, Iteration: 0, Loss: 0.07409361749887466
Epoch: 478, Iteration: 0, Loss: 0.07443100959062576
Epoch: 479, Iteration: 0, Loss: 0.07452428340911865
Epoch: 480, Iteration: 0, Loss: 0.07339444756507874
Epoch: 481, Iteration: 0, Loss: 0.07346585392951965
Epoch: 482, Iteration: 0, Loss: 0.07315150648355484
Epoch: 483, Iteration: 0, Loss: 0.07335267961025238
Epoch: 484, Iteration: 0, Loss: 0.07345766574144363
Epoch: 485, Iteration: 0, Loss: 0.07260553538799286
Epoch: 486, Iteration: 0, Loss: 0.0721125602722168
Epoch: 487, Iteration: 0, Loss: 0.07332991063594818
Epoch: 488, Iteration: 0, Loss: 0.07274904102087021
Epoch: 489, Iteration: 0, Loss: 0.07319623231887817
Epoch: 490, Iteration: 0, Loss: 0.07409504055976868
Epoch: 491, Iteration: 0, Loss: 0.0721539855003357
Epoch: 492, Iteration: 0, Loss: 0.07470517605543137
Epoch: 493, Iteration: 0, Loss: 0.07246322184801102
Epoch: 494, Iteration: 0, Loss: 0.07306839525699615
Epoch: 495, Iteration: 0, Loss: 0.07226699590682983
Epoch: 496, Iteration: 0, Loss: 0.07149916142225266
Epoch: 497, Iteration: 0, Loss: 0.07157519459724426
Epoch: 498, Iteration: 0, Loss: 0.07035917043685913
Epoch: 499, Iteration: 0, Loss: 0.07148255407810211
